{
  "metadata": {
    "timestamp": "2026-01-29T04:56:44.137Z",
    "sample_size": 77,
    "human_data_source": "human-evaluation-data/01-28/results.json",
    "fsm_data_source": "workspace/0126-biased/fsm-similarity-results.json",
    "vlm_data_source": "workspace/0126-biased/visual-results",
    "playwright_data_source": "N/A (not available)",
    "frameworks_analyzed": [
      "fsm",
      "vlm"
    ]
  },
  "correlations": {
    "fsm": {
      "functional": {
        "r": -0.1568277374567413,
        "n": 77,
        "p_value": 0.16907429923192874,
        "confidence_interval_95": {
          "lower": -0.36788785348744757,
          "upper": 0.0695998866565077
        },
        "interpretation": "Very Weak",
        "significant": false
      },
      "visual": {
        "r": -0.02381911092759263,
        "n": 77,
        "p_value": 0.836526646521925,
        "confidence_interval_95": {
          "lower": -0.24648689434061374,
          "upper": 0.20123731308322254
        },
        "interpretation": "Very Weak",
        "significant": false
      },
      "pedagogical": {
        "r": -0.21623145432581878,
        "n": 77,
        "p_value": 0.055111501112337535,
        "confidence_interval_95": {
          "lower": -0.41987864637796773,
          "upper": 0.008145876390315082
        },
        "interpretation": "Very Weak",
        "significant": false
      },
      "interactivity": {
        "r": -0.2610238577119459,
        "n": 77,
        "p_value": 0.019195341700005697,
        "confidence_interval_95": {
          "lower": -0.4582170708832471,
          "upper": -0.039341122201652395
        },
        "interpretation": "Very Weak",
        "significant": true
      }
    },
    "vlm": {
      "functional": {
        "r": 0.18556878713580585,
        "n": 77,
        "p_value": 0.10194862735173027,
        "confidence_interval_95": {
          "lower": -0.040079911638611944,
          "upper": 0.3932082041530591
        },
        "interpretation": "Very Weak",
        "significant": false
      },
      "visual": {
        "r": 0.6076763847610231,
        "n": 77,
        "p_value": 3.4566127737889474e-11,
        "confidence_interval_95": {
          "lower": 0.44414585210600277,
          "upper": 0.7320240812789186
        },
        "interpretation": "Moderate",
        "significant": true
      },
      "pedagogical": {
        "r": 0.05686457410908368,
        "n": 77,
        "p_value": 0.6218288697287466,
        "confidence_interval_95": {
          "lower": -0.1692742273291142,
          "upper": 0.2773153044554643
        },
        "interpretation": "Very Weak",
        "significant": false
      },
      "interactivity": {
        "r": 0.030843505633379797,
        "n": 77,
        "p_value": 0.7892844831158072,
        "confidence_interval_95": {
          "lower": -0.19448287134030823,
          "upper": 0.2530779467298838
        },
        "interpretation": "Very Weak",
        "significant": false
      }
    }
  }
}