{
  "workspace": "0126-biased",
  "sampleSize": 77,
  "timestamp": "2026-01-30T02:11:23.707Z",
  "correlations": {
    "fsm": {
      "functional": {
        "r": 0.0654544083546828,
        "p": 0.5699873697808955,
        "n": 77,
        "ci": [
          -0.16088711183153914,
          0.2852551869968346
        ],
        "stars": ""
      },
      "visual": {
        "r": -0.14809181612694158,
        "p": 0.19469605328378758,
        "n": 77,
        "ci": [
          -0.36012913381450506,
          0.0784946620382664
        ],
        "stars": ""
      },
      "interactivity": {
        "r": 0.20955768224720553,
        "p": 0.06344864628384239,
        "n": 77,
        "ci": [
          -0.015135548388606455,
          0.4141035793476138
        ],
        "stars": ""
      },
      "pedagogical": {
        "r": 0.12485285179202826,
        "p": 0.27580808419005876,
        "n": 77,
        "ci": [
          -0.10198186878009016,
          0.33934588910005736
        ],
        "stars": ""
      },
      "overall": {
        "r": 0.07886042048175915,
        "p": 0.49329023981174536,
        "n": 77,
        "ci": [
          -0.14773183135133203,
          0.2975868400834726
        ],
        "stars": ""
      }
    },
    "vlm": {
      "functional": {
        "r": 0.17758189707566238,
        "p": 0.11811318841079799,
        "n": 77,
        "ci": [
          -0.0483229718264882,
          0.3862033544423747
        ],
        "stars": ""
      },
      "visual": {
        "r": 0.6740041211526605,
        "p": 2.6645352591003757e-15,
        "n": 77,
        "ci": [
          0.530038797799199,
          0.7802032794631261
        ],
        "stars": "***"
      },
      "interactivity": {
        "r": -0.018675277857346913,
        "p": 0.8714941615440241,
        "n": 77,
        "ci": [
          -0.24164729003996138,
          0.20616992740774348
        ],
        "stars": ""
      },
      "pedagogical": {
        "r": 0.0013055711072398383,
        "p": 0.9909787896648155,
        "n": 77,
        "ci": [
          -0.22274237302337416,
          0.2252225188877877
        ],
        "stars": ""
      },
      "overall": {
        "r": 0.24246853834931778,
        "p": 0.030431468176999044,
        "n": 77,
        "ci": [
          0.01954732100310756,
          0.44242384576362476
        ],
        "stars": "*"
      }
    },
    "playwright": {
      "functional": {
        "r": -0.18858769964574376,
        "p": 0.09630064219687484,
        "n": 77,
        "ci": [
          -0.39584965924244864,
          0.03695615166478192
        ],
        "stars": ""
      },
      "visual": {
        "r": -0.2980439049606818,
        "p": 0.0068505481049925265,
        "n": 77,
        "ci": [
          -0.4893587340056459,
          -0.079358830909735
        ],
        "stars": "**"
      },
      "interactivity": {
        "r": -0.09010241212705075,
        "p": 0.43333539543139876,
        "n": 77,
        "ci": [
          -0.30787193667840196,
          0.13663794019892542
        ],
        "stars": ""
      },
      "pedagogical": {
        "r": 0.02901556099841065,
        "p": 0.8015142760389382,
        "n": 77,
        "ci": [
          -0.1962426258298086,
          0.25136475335753106
        ],
        "stars": ""
      },
      "overall": {
        "r": -0.16211335978173938,
        "p": 0.15480497393390147,
        "n": 77,
        "ci": [
          -0.3725679986941918,
          0.0642006119029733
        ],
        "stars": ""
      }
    }
  },
  "modelAverages": {
    "meta-llama/Llama-3.2-1B-Instruct": {
      "human": 21.833333333333332,
      "fsm": 49.21607760090714,
      "vlm": 40,
      "playwright": 27.16
    },
    "deepseek-chat": {
      "human": 56.333333333333336,
      "fsm": 50.33147558231449,
      "vlm": 41.333333333333336,
      "playwright": 48.8
    },
    "gpt-5-mini": {
      "human": 50.833333333333336,
      "fsm": 61.713048747349156,
      "vlm": 40,
      "playwright": 0
    },
    "gpt-4o-mini": {
      "human": 48.5,
      "fsm": 49.87164485820781,
      "vlm": 40,
      "playwright": 15.57
    },
    "gpt-3.5-turbo": {
      "human": 49.166666666666664,
      "fsm": 42.083533780821796,
      "vlm": 65.33333333333333,
      "playwright": 11
    },
    "Qwen1.5-0.5B-Chat": {
      "human": 3.75,
      "fsm": 48.15120262491102,
      "vlm": 30,
      "playwright": 76.03
    }
  },
  "uuids": [
    "122a7860-fa7b-11f0-814c-dbec508f0b3b",
    "6d2d3a02-fa7a-11f0-ba5b-57721b046e74",
    "9c16c490-fa79-11f0-8fe7-a5317bd8e2c6",
    "9c15da30-fa79-11f0-8fe7-a5317bd8e2c6",
    "99cde602-fa79-11f0-8075-e54a10595dde",
    "9c14efd1-fa79-11f0-8fe7-a5317bd8e2c6",
    "3c9a9ab1-fa78-11f0-857d-d58e82d5de73",
    "3c9ae8d1-fa78-11f0-857d-d58e82d5de73",
    "3c9b0fe0-fa78-11f0-857d-d58e82d5de73",
    "122a9f72-fa7b-11f0-814c-dbec508f0b3b",
    "122aed92-fa7b-11f0-814c-dbec508f0b3b",
    "6d2c76b1-fa7a-11f0-ba5b-57721b046e74",
    "99ce0d11-fa79-11f0-8075-e54a10595dde",
    "99ce5b32-fa79-11f0-8075-e54a10595dde",
    "9c15da32-fa79-11f0-8fe7-a5317bd8e2c6",
    "3c9a73a2-fa78-11f0-857d-d58e82d5de73",
    "9c15da31-fa79-11f0-8fe7-a5317bd8e2c6",
    "122a5150-fa7b-11f0-814c-dbec508f0b3b",
    "122b3bb2-fa7b-11f0-814c-dbec508f0b3b",
    "3c9b0fe1-fa78-11f0-857d-d58e82d5de73",
    "3c9b5e01-fa78-11f0-857d-d58e82d5de73",
    "6d2d3a01-fa7a-11f0-ba5b-57721b046e74",
    "3c9ac1c0-fa78-11f0-857d-d58e82d5de73",
    "99ce3420-fa79-11f0-8075-e54a10595dde",
    "99cde603-fa79-11f0-8075-e54a10595dde",
    "b774ccb0-fa78-11f0-bb22-e3d37811147a",
    "6d2d3a00-fa7a-11f0-ba5b-57721b046e74",
    "99ce3423-fa79-11f0-8075-e54a10595dde",
    "3c9a9ab0-fa78-11f0-857d-d58e82d5de73",
    "122a9f71-fa7b-11f0-814c-dbec508f0b3b",
    "b7745780-fa78-11f0-bb22-e3d37811147a",
    "6d2cebe1-fa7a-11f0-ba5b-57721b046e74",
    "122ac683-fa7b-11f0-814c-dbec508f0b3b",
    "99ce0d12-fa79-11f0-8075-e54a10595dde",
    "6d2c76b0-fa7a-11f0-ba5b-57721b046e74",
    "9c14efd4-fa79-11f0-8fe7-a5317bd8e2c6",
    "9c15da34-fa79-11f0-8fe7-a5317bd8e2c6",
    "9c14efd3-fa79-11f0-8fe7-a5317bd8e2c6",
    "99ce3422-fa79-11f0-8075-e54a10595dde",
    "9c15da33-fa79-11f0-8fe7-a5317bd8e2c6",
    "9c15b324-fa79-11f0-8fe7-a5317bd8e2c6",
    "99ce0d10-fa79-11f0-8075-e54a10595dde",
    "99ce5b30-fa79-11f0-8075-e54a10595dde",
    "99ce5b33-fa79-11f0-8075-e54a10595dde",
    "6d2d12f0-fa7a-11f0-ba5b-57721b046e74",
    "122ac680-fa7b-11f0-814c-dbec508f0b3b",
    "6d2cc4d0-fa7a-11f0-ba5b-57721b046e74",
    "3c9a4c90-fa78-11f0-857d-d58e82d5de73",
    "122b3bb3-fa7b-11f0-814c-dbec508f0b3b",
    "6d2cc4d1-fa7a-11f0-ba5b-57721b046e74",
    "122aed90-fa7b-11f0-814c-dbec508f0b3b",
    "99ce3421-fa79-11f0-8075-e54a10595dde",
    "122b3bb1-fa7b-11f0-814c-dbec508f0b3b",
    "122a9f70-fa7b-11f0-814c-dbec508f0b3b",
    "6d2c9dc1-fa7a-11f0-ba5b-57721b046e74",
    "6d2c9dc0-fa7a-11f0-ba5b-57721b046e74",
    "6d2c9dc2-fa7a-11f0-ba5b-57721b046e74",
    "99ce5b31-fa79-11f0-8075-e54a10595dde",
    "122ac681-fa7b-11f0-814c-dbec508f0b3b",
    "99ce5b34-fa79-11f0-8075-e54a10595dde",
    "122ac682-fa7b-11f0-814c-dbec508f0b3b",
    "3c9ae8d0-fa78-11f0-857d-d58e82d5de73",
    "99ce8240-fa79-11f0-8075-e54a10595dde",
    "9c15b321-fa79-11f0-8fe7-a5317bd8e2c6",
    "6d2c4fa0-fa7a-11f0-ba5b-57721b046e74",
    "3c9ac1c1-fa78-11f0-857d-d58e82d5de73",
    "9c15b323-fa79-11f0-8fe7-a5317bd8e2c6",
    "9c14efd2-fa79-11f0-8fe7-a5317bd8e2c6",
    "3c9ac1c2-fa78-11f0-857d-d58e82d5de73",
    "3c9ae8d2-fa78-11f0-857d-d58e82d5de73",
    "9c15b322-fa79-11f0-8fe7-a5317bd8e2c6",
    "3c9a73a0-fa78-11f0-857d-d58e82d5de73",
    "122aed91-fa7b-11f0-814c-dbec508f0b3b",
    "3c9a73a1-fa78-11f0-857d-d58e82d5de73",
    "9c15b320-fa79-11f0-8fe7-a5317bd8e2c6",
    "6d2c4fa1-fa7a-11f0-ba5b-57721b046e74",
    "6d2c0180-fa7a-11f0-ba5b-57721b046e74"
  ],
  "methodology": {
    "human": "Average of 2 annotators across 4 dimensions (Functional, Visual, Interactivity, Pedagogical)",