{
  "workspace": "0126-balanced",
  "sampleSize": 88,
  "timestamp": "2026-01-30T02:14:07.372Z",
  "correlations": {
    "fsm": {
      "functional": {
        "r": 0.6760504299458384,
        "p": 0,
        "n": 88,
        "ci": [
          0.5435721031251781,
          0.7756652793223392
        ],
        "stars": "***"
      },
      "visual": {
        "r": 0.6900984185683616,
        "p": 0,
        "n": 88,
        "ci": [
          0.5618632071022451,
          0.7859451905761202
        ],
        "stars": "***"
      },
      "interactivity": {
        "r": 0.72778167674499,
        "p": 0,
        "n": 88,
        "ci": [
          0.6115557059702887,
          0.8132614486851605
        ],
        "stars": "***"
      },
      "pedagogical": {
        "r": 0.5799356840476402,
        "p": 4.0877523588278564e-11,
        "n": 88,
        "ci": [
          0.4217131695465106,
          0.7038842328324089
        ],
        "stars": "***"
      },
      "overall": {
        "r": 0.6956467364461412,
        "p": 0,
        "n": 88,
        "ci": [
          0.5691220704416065,
          0.7899907439895365
        ],
        "stars": "***"
      }
    },
    "vlm": {
      "functional": {
        "r": 0.5370928337462298,
        "p": 3.5436376055741903e-9,
        "n": 88,
        "ci": [
          0.3691761890851292,
          0.6710509956020227
        ],
        "stars": "***"
      },
      "visual": {
        "r": 0.6281445201527325,
        "p": 7.149836278586008e-14,
        "n": 88,
        "ci": [
          0.4821284869027879,
          0.7402071214334699
        ],
        "stars": "***"
      },
      "interactivity": {
        "r": 0.5304519768536194,
        "p": 6.53788578830472e-9,
        "n": 88,
        "ci": [
          0.3611276428634616,
          0.6659142066980229
        ],
        "stars": "***"
      },
      "pedagogical": {
        "r": 0.5568019667758314,
        "p": 5.110072365255292e-10,
        "n": 88,
        "ci": [
          0.39321238016321086,
          0.686220915701642
        ],
        "stars": "***"
      },
      "overall": {
        "r": 0.5841602495620939,
        "p": 2.4943158649648467e-11,
        "n": 88,
        "ci": [
          0.42695182409443944,
          0.7070933527921143
        ],
        "stars": "***"
      }
    },
    "playwright": {
      "functional": {
        "r": -0.5798483744376394,
        "p": 4.129230291027852e-11,
        "n": 88,
        "ci": [
          -0.7038178561490063,
          -0.42160501292849384
        ],
        "stars": "***"
      },
      "visual": {
        "r": -0.6302513024514426,
        "p": 5.1958437552457326e-14,
        "n": 88,
        "ci": [
          -0.7417796964974178,
          -0.4848007617436641
        ],
        "stars": "***"
      },
      "interactivity": {
        "r": -0.5996630757130701,
        "p": 3.6992631180510216e-12,
        "n": 88,
        "ci": [
          -0.7188265844359049,
          -0.44626687823383693
        ],
        "stars": "***"
      },
      "pedagogical": {
        "r": -0.49220422570329003,
        "p": 1.577204495895046e-7,
        "n": 88,
        "ci": [
          -0.6360769185189713,
          -0.31525827415383767
        ],
        "stars": "***"
      },
      "overall": {
        "r": -0.597982266189235,
        "p": 4.584110868677271e-12,
        "n": 88,
        "ci": [
          -0.7175577454902207,
          -0.44416581820886314
        ],
        "stars": "***"
      }
    }
  },
  "modelAverages": {
    "gpt-5-mini": {
      "human": {
        "functional": 75.33333333333333,
        "visual": 80,
        "interactivity": 76.66666666666667,
        "pedagogical": 76,
        "overall": 77
      },
      "fsm": 61.028053456162894,
      "vlm": 54.666666666666664,
      "playwright": 0
    },
    "Qwen1.5-0.5B-Chat": {
      "human": {
        "functional": 5,
        "visual": 7.857142857142857,
        "interactivity": 2.142857142857143,
        "pedagogical": 12.857142857142858,
        "overall": 6.964285714285714
      },
      "fsm": 21.58743293635245,
      "vlm": 37.142857142857146,
      "playwright": 76.03
    },
    "deepseek-chat": {
      "human": {
        "functional": 55.333333333333336,
        "visual": 48,
        "interactivity": 47.333333333333336,
        "pedagogical": 49.333333333333336,
        "overall": 50
      },
      "fsm": 41.6047221910039,
      "vlm": 52,
      "playwright": 48.8
    },
    "meta-llama/Llama-3.2-1B-Instruct": {
      "human": {
        "functional": 16.666666666666668,
        "visual": 16,
        "interactivity": 9.333333333333334,
        "pedagogical": 14,
        "overall": 14
      },
      "fsm": 26.9980427366846,
      "vlm": 36,
      "playwright": 27.16
    },
    "gpt-4o-mini": {
      "human": {
        "functional": 49.333333333333336,
        "visual": 38,
        "interactivity": 39.333333333333336,
        "pedagogical": 30.666666666666668,
        "overall": 39.333333333333336
      },
      "fsm": 40.985714309141954,
      "vlm": 40,
      "playwright": 15.57
    },
    "gpt-3.5-turbo": {
      "human": {
        "functional": 80.71428571428571,
        "visual": 72.14285714285714,
        "interactivity": 71.42857142857143,
        "pedagogical": 73.57142857142857,
        "overall": 74.46428571428571
      },
      "fsm": 42.338786133050675,
      "vlm": 54.285714285714285,
      "playwright": 11
    }
  },