{
  "workspace": "0126-biased",
  "sampleSize": 77,
  "timestamp": "2026-01-29T05:07:28.990Z",
  "correlations": {
    "fsm": {
      "functional": {
        "r": 0.29756239960473535,
        "p": 0.006950008520774986,
        "n": 77,
        "ci": [
          0.07883377222565258,
          0.4889567942864915
        ],
        "stars": "**"
      },
      "visual": {
        "r": 0.04388141885491878,
        "p": 0.7036555695384679,
        "n": 77,
        "ci": [
          -0.18188912031430127,
          0.26525709937946657
        ],
        "stars": ""
      },
      "interactivity": {
        "r": 0.29914863593869034,
        "p": 0.006626998878682011,
        "n": 77,
        "ci": [
          0.08056394622555046,
          0.4902806082886025
        ],
        "stars": "**"
      },
      "pedagogical": {
        "r": 0.32874567295692175,
        "p": 0.002573528262453939,
        "n": 77,
        "ci": [
          0.11309006824428959,
          0.51482050789511
        ],
        "stars": "**"
      },
      "overall": {
        "r": 0.2967929330569699,
        "p": 0.007111545296174526,
        "n": 77,
        "ci": [
          0.07799495740609688,
          0.48831430833811657
        ],
        "stars": "**"
      }
    },
    "vlm": {
      "functional": {
        "r": 0.18556878713580585,
        "p": 0.10194864674352822,
        "n": 77,
        "ci": [
          -0.040079911638611944,
          0.3932082041530591
        ],
        "stars": ""
      },
      "visual": {
        "r": 0.6076763847610231,
        "p": 3.4566127737889474e-11,
        "n": 77,
        "ci": [
          0.44414585210600277,
          0.7320240812789186
        ],
        "stars": "***"
      },
      "interactivity": {
        "r": 0.030843505633379797,
        "p": 0.7892847034559223,
        "n": 77,
        "ci": [
          -0.19448287134030823,
          0.2530779467298838
        ],
        "stars": ""
      },
      "pedagogical": {
        "r": 0.05686457410908368,
        "p": 0.6218290329045386,
        "n": 77,
        "ci": [
          -0.1692742273291142,
          0.2773153044554643
        ],
        "stars": ""
      },
      "overall": {
        "r": 0.2578966846913568,
        "p": 0.020797032627651202,
        "n": 77,
        "ci": [
          0.03599299046024972,
          0.45556409579566115
        ],
        "stars": "*"
      }
    },
    "playwright": {
      "functional": {
        "r": -0.18858769964574376,
        "p": 0.09630064219687484,
        "n": 77,
        "ci": [
          -0.39584965924244864,
          0.03695615166478192
        ],
        "stars": ""
      },
      "visual": {
        "r": -0.2980439049606818,
        "p": 0.0068505481049925265,
        "n": 77,
        "ci": [
          -0.4893587340056459,
          -0.079358830909735
        ],
        "stars": "**"
      },
      "interactivity": {
        "r": -0.09010241212705075,
        "p": 0.43333539543139876,
        "n": 77,
        "ci": [
          -0.30787193667840196,
          0.13663794019892542
        ],
        "stars": ""
      },
      "pedagogical": {
        "r": 0.02901556099841065,
        "p": 0.8015142760389382,
        "n": 77,
        "ci": [
          -0.1962426258298086,
          0.25136475335753106
        ],
        "stars": ""
      },
      "overall": {
        "r": -0.16211335978173938,
        "p": 0.15480497393390147,
        "n": 77,
        "ci": [
          -0.3725679986941918,
          0.0642006119029733
        ],
        "stars": ""
      }
    }
  },
  "uuids": [
    "122a7860-fa7b-11f0-814c-dbec508f0b3b",
    "6d2d3a02-fa7a-11f0-ba5b-57721b046e74",
    "9c16c490-fa79-11f0-8fe7-a5317bd8e2c6",
    "9c15da30-fa79-11f0-8fe7-a5317bd8e2c6",
    "99cde602-fa79-11f0-8075-e54a10595dde",
    "9c14efd1-fa79-11f0-8fe7-a5317bd8e2c6",
    "3c9a9ab1-fa78-11f0-857d-d58e82d5de73",
    "3c9ae8d1-fa78-11f0-857d-d58e82d5de73",
    "3c9b0fe0-fa78-11f0-857d-d58e82d5de73",
    "122a9f72-fa7b-11f0-814c-dbec508f0b3b",
    "122aed92-fa7b-11f0-814c-dbec508f0b3b",
    "6d2c76b1-fa7a-11f0-ba5b-57721b046e74",
    "99ce0d11-fa79-11f0-8075-e54a10595dde",
    "99ce5b32-fa79-11f0-8075-e54a10595dde",
    "9c15da32-fa79-11f0-8fe7-a5317bd8e2c6",
    "3c9a73a2-fa78-11f0-857d-d58e82d5de73",
    "9c15da31-fa79-11f0-8fe7-a5317bd8e2c6",
    "122a5150-fa7b-11f0-814c-dbec508f0b3b",
    "122b3bb2-fa7b-11f0-814c-dbec508f0b3b",
    "3c9b0fe1-fa78-11f0-857d-d58e82d5de73",
    "3c9b5e01-fa78-11f0-857d-d58e82d5de73",
    "6d2d3a01-fa7a-11f0-ba5b-57721b046e74",
    "3c9ac1c0-fa78-11f0-857d-d58e82d5de73",
    "99ce3420-fa79-11f0-8075-e54a10595dde",
    "99cde603-fa79-11f0-8075-e54a10595dde",
    "b774ccb0-fa78-11f0-bb22-e3d37811147a",
    "6d2d3a00-fa7a-11f0-ba5b-57721b046e74",
    "99ce3423-fa79-11f0-8075-e54a10595dde",
    "3c9a9ab0-fa78-11f0-857d-d58e82d5de73",
    "122a9f71-fa7b-11f0-814c-dbec508f0b3b",
    "b7745780-fa78-11f0-bb22-e3d37811147a",
    "6d2cebe1-fa7a-11f0-ba5b-57721b046e74",
    "122ac683-fa7b-11f0-814c-dbec508f0b3b",
    "99ce0d12-fa79-11f0-8075-e54a10595dde",
    "6d2c76b0-fa7a-11f0-ba5b-57721b046e74",
    "9c14efd4-fa79-11f0-8fe7-a5317bd8e2c6",
    "9c15da34-fa79-11f0-8fe7-a5317bd8e2c6",
    "9c14efd3-fa79-11f0-8fe7-a5317bd8e2c6",
    "99ce3422-fa79-11f0-8075-e54a10595dde",
    "9c15da33-fa79-11f0-8fe7-a5317bd8e2c6",
    "9c15b324-fa79-11f0-8fe7-a5317bd8e2c6",
    "99ce0d10-fa79-11f0-8075-e54a10595dde",
    "99ce5b30-fa79-11f0-8075-e54a10595dde",
    "99ce5b33-fa79-11f0-8075-e54a10595dde",
    "6d2d12f0-fa7a-11f0-ba5b-57721b046e74",
    "122ac680-fa7b-11f0-814c-dbec508f0b3b",
    "6d2cc4d0-fa7a-11f0-ba5b-57721b046e74",
    "3c9a4c90-fa78-11f0-857d-d58e82d5de73",
    "122b3bb3-fa7b-11f0-814c-dbec508f0b3b",
    "6d2cc4d1-fa7a-11f0-ba5b-57721b046e74",
    "122aed90-fa7b-11f0-814c-dbec508f0b3b",
    "99ce3421-fa79-11f0-8075-e54a10595dde",
    "122b3bb1-fa7b-11f0-814c-dbec508f0b3b",
    "122a9f70-fa7b-11f0-814c-dbec508f0b3b",
    "6d2c9dc1-fa7a-11f0-ba5b-57721b046e74",
    "6d2c9dc0-fa7a-11f0-ba5b-57721b046e74",
    "6d2c9dc2-fa7a-11f0-ba5b-57721b046e74",
    "99ce5b31-fa79-11f0-8075-e54a10595dde",
    "122ac681-fa7b-11f0-814c-dbec508f0b3b",
    "99ce5b34-fa79-11f0-8075-e54a10595dde",
    "122ac682-fa7b-11f0-814c-dbec508f0b3b",
    "3c9ae8d0-fa78-11f0-857d-d58e82d5de73",
    "99ce8240-fa79-11f0-8075-e54a10595dde",
    "9c15b321-fa79-11f0-8fe7-a5317bd8e2c6",
    "6d2c4fa0-fa7a-11f0-ba5b-57721b046e74",
    "3c9ac1c1-fa78-11f0-857d-d58e82d5de73",
    "9c15b323-fa79-11f0-8fe7-a5317bd8e2c6",
    "9c14efd2-fa79-11f0-8fe7-a5317bd8e2c6",
    "3c9ac1c2-fa78-11f0-857d-d58e82d5de73",
    "3c9ae8d2-fa78-11f0-857d-d58e82d5de73",
    "9c15b322-fa79-11f0-8fe7-a5317bd8e2c6",
    "3c9a73a0-fa78-11f0-857d-d58e82d5de73",
    "122aed91-fa7b-11f0-814c-dbec508f0b3b",
    "3c9a73a1-fa78-11f0-857d-d58e82d5de73",
    "9c15b320-fa79-11f0-8fe7-a5317bd8e2c6",
    "6d2c4fa1-fa7a-11f0-ba5b-57721b046e74",
    "6d2c0180-fa7a-11f0-ba5b-57721b046e74"
  ],
  "methodology": {
    "human": "Average of 2 annotators across 4 dimensions (Functional, Visual, Interactivity, Pedagogical)",
    "fsm": "Average of 3 dimensions (structural, semantic, isomorphism)",
    "vlm": "visual_quality score from Vision-Language Model",
    "playwright": "Model-level test pass rate (mean)"
  }
}