{
  "timestamp": "2026-01-29T03:31:12.863Z",
  "sampleSize": 87,
  "correlations": {
    "fsm": {
      "functional": {
        "r": 0.08541362695231472,
        "n": 87,
        "p": 0.42931554700175667,
        "stars": ""
      },
      "visual": {
        "r": 0.08868504829734164,
        "n": 87,
        "p": 0.4117199954835269,
        "stars": ""
      },
      "interactivity": {
        "r": 0.0816143407163938,
        "n": 87,
        "p": 0.4502693669889575,
        "stars": ""
      },
      "pedagogical": {
        "r": -0.02258611898093528,
        "n": 87,
        "p": 0.8350048144094064,
        "stars": ""
      }
    },
    "vlm": {
      "functional": {
        "r": 0.5616337166871856,
        "n": 87,
        "p": 3.909190748885294e-10,
        "stars": "***"
      },
      "visual": {
        "r": 0.6698133588093237,
        "n": 87,
        "p": 0,
        "stars": "***"
      },
      "interactivity": {
        "r": 0.5471363578973443,
        "n": 87,
        "p": 1.6827705895394729e-9,
        "stars": "***"
      },
      "pedagogical": {
        "r": 0.6084449734856658,
        "n": 87,
        "p": 1.5760726057578722e-12,
        "stars": "***"
      }
    }
  },
  "alignedData": [
    {
      "uuid": "d3d5c2b2-fa73-11f0-83e0-8d7be1d51901",
      "human": {
        "functional": 2.5,
        "visual": 3,
        "interactivity": 2.5,
        "pedagogical": 1.5
      },
      "fsm": {
        "structural": 0.8314732142857143,
        "semantic": 0.5179909077286857,
        "isomorphism": 0,
        "combined": 0.44982137400480005
      },
      "vlm": {
        "visual_quality": 4,
        "educational_quality": 3
      },
      "playwright": null
    },
    {
      "uuid": "d3d5e9c1-fa73-11f0-83e0-8d7be1d51901",
      "human": {
        "functional": 1.5,
        "visual": 4,
        "interactivity": 1.5,
        "pedagogical": 1.5
      },
      "fsm": {
        "structural": 0.7976190476190477,
        "semantic": 0.23137277285886498,
        "isomorphism": 0,
        "combined": 0.3429972734926376
      },
      "vlm": {
        "visual_quality": 4,
        "educational_quality": 4
      },
      "playwright": null
    },
    {
      "uuid": "ca7a0f80-fa75-11f0-9854-e7309e7cf385",
      "human": {
        "functional": 1,
        "visual": 2,
        "interactivity": 0,
        "pedagogical": 2
      },
      "fsm": {
        "structural": 0.35416666666666663,
        "semantic": 0.47961554462687794,
        "isomorphism": 0,
        "combined": 0.27792740376451486
      },
      "vlm": {
        "visual_quality": 4,
        "educational_quality": 3
      },
      "playwright": null
    },
    {
      "uuid": "ca775061-fa75-11f0-9854-e7309e7cf385",
      "human": {
        "functional": 0.5,
        "visual": 0.5,
        "interactivity": 0,
        "pedagogical": 0.5
      },
      "fsm": {
        "structural": 0.4303571428571429,
        "semantic": 0.43902153412227074,
        "isomorphism": 0,
        "combined": 0.2897928923264712
      },
      "vlm": {
        "visual_quality": 3,
        "educational_quality": 4
      },
      "playwright": null
    },
    {
      "uuid": "ca770240-fa75-11f0-9854-e7309e7cf385",
      "human": {
        "functional": 0,
        "visual": 0,
        "interactivity": 0,
        "pedagogical": 0
      },
      "fsm": {
        "structural": 0.3833333333333333,
        "semantic": 0.45438087811697875,
        "isomorphism": 0,
        "combined": 0.27923807048343735
      },
      "vlm": {
        "visual_quality": 0,
        "educational_quality": 0
      },
      "playwright": null
    },
    {
      "uuid": "de3b6474-fa74-11f0-a1b6-4b9b8151441a",
      "human": {
        "functional": 0,
        "visual": 0,
        "interactivity": 0,
        "pedagogical": 0
      },
      "fsm": {
        "structural": 0.1294642857142857,
        "semantic": 0.3980329149139529,
        "isomorphism": 0,
        "combined": 0.17583240020941285
      },
      "vlm": {
        "visual_quality": 2,
        "educational_quality": 2
      },
      "playwright": null
    },
    {
      "uuid": "d3d6d421-fa73-11f0-83e0-8d7be1d51901",
      "human": {
        "functional": 5,
        "visual": 4.5,
        "interactivity": 5,
        "pedagogical": 5
      },
      "fsm": {
        "structural": 0.8425324675324675,
        "semantic": 0.5265134842896229,
        "isomorphism": 0,
        "combined": 0.45634865060736346
      },
      "vlm": {
        "visual_quality": 4,
        "educational_quality": 4
      },
      "playwright": null
    },
    {
      "uuid": "520b90e0-fa76-11f0-a09b-87751f540fd8",
      "human": {
        "functional": 0.5,
        "visual": 1.5,
        "interactivity": 0,
        "pedagogical": 1.5
      },
      "fsm": {
        "structural": 0.47291666666666665,
        "semantic": 0.50379685967374,
        "isomorphism": 0,
        "combined": 0.3255711754468022
      },
      "vlm": {
        "visual_quality": 3,
        "educational_quality": 4
      },
      "playwright": null
    },
    {
      "uuid": "520b69d1-fa76-11f0-a09b-87751f540fd8",
      "human": {
        "functional": 3,
        "visual": 2,
        "interactivity": 3,
        "pedagogical": 1.5
      },
      "fsm": {
        "structural": 0.5337301587301588,
        "semantic": 0.4619422617364559,
        "isomorphism": 0,
        "combined": 0.3318908068222049
      },
      "vlm": {
        "visual_quality": 3,
        "educational_quality": 3
      },
      "playwright": null
    },
    {
      "uuid": "324ebf53-fa73-11f0-a9d0-d7a1991987c6",
      "human": {
        "functional": 1.5,
        "visual": 2,
        "interactivity": 2,
        "pedagogical": 0
      },
      "fsm": {
        "structural": 0.5060606060606061,
        "semantic": 0.3823735843621485,
        "isomorphism": 0,
        "combined": 0.2961447301409182
      },
      "vlm": {
        "visual_quality": 3,
        "educational_quality": 2
      },
      "playwright": null
    }
  ]
}